company_id,year_from,year_to,pattern_from,pattern_to,shift_summary
ADANIENSOL,0,2014,Conservative Reinvestors,Capital Preservers / Laggards,Shifted from Conservative Reinvestors in 0 to Capital Preservers / Laggards in 2014
ADANIENSOL,2015,2016,Capital Preservers / Laggards,Conservative Reinvestors,Shifted from Capital Preservers / Laggards in 2015 to Conservative Reinvestors in 2016
ADANIGREEN,0,2017,Conservative Reinvestors,Capital Preservers / Laggards,Shifted from Conservative Reinvestors in 0 to Capital Preservers / Laggards in 2017
ADANIGREEN,2020,2021,Capital Preservers / Laggards,Conservative Reinvestors,Shifted from Capital Preservers / Laggards in 2020 to Conservative Reinvestors in 2021
ADANIPOWER,0,2013,Conservative Reinvestors,Capital Preservers / Laggards,Shifted from Conservative Reinvestors in 0 to Capital Preservers / Laggards in 2013
ADANIPOWER,2015,2016,Capital Preservers / Laggards,Conservative Reinvestors,Shifted from Capital Preservers / Laggards in 2015 to Conservative Reinvestors in 2016
ADANIPOWER,2016,2017,Conservative Reinvestors,Capital Preservers / Laggards,Shifted from Conservative Reinvestors in 2016 to Capital Preservers / Laggards in 2017
ADANIPOWER,2020,2021,Capital Preservers / Laggards,Conservative Reinvestors,Shifted from Capital Preservers / Laggards in 2020 to Conservative Reinvestors in 2021
BANKBARODA,2015,2016,Conservative Reinvestors,Capital Preservers / Laggards,Shifted from Conservative Reinvestors in 2015 to Capital Preservers / Laggards in 2016
BANKBARODA,2016,2017,Capital Preservers / Laggards,Conservative Reinvestors,Shifted from Capital Preservers / Laggards in 2016 to Conservative Reinvestors in 2017
BANKBARODA,2017,2018,Conservative Reinvestors,Capital Preservers / Laggards,Shifted from Conservative Reinvestors in 2017 to Capital Preservers / Laggards in 2018
BANKBARODA,2018,2019,Capital Preservers / Laggards,Conservative Reinvestors,Shifted from Capital Preservers / Laggards in 2018 to Conservative Reinvestors in 2019
BHARTIARTL,2019,2020,Conservative Reinvestors,Capital Preservers / Laggards,Shifted from Conservative Reinvestors in 2019 to Capital Preservers / Laggards in 2020
BHARTIARTL,2021,2022,Capital Preservers / Laggards,Conservative Reinvestors,Shifted from Capital Preservers / Laggards in 2021 to Conservative Reinvestors in 2022
BHEL,2015,2016,Conservative Reinvestors,Capital Preservers / Laggards,Shifted from Conservative Reinvestors in 2015 to Capital Preservers / Laggards in 2016
BHEL,2016,2017,Capital Preservers / Laggards,Conservative Reinvestors,Shifted from Capital Preservers / Laggards in 2016 to Conservative Reinvestors in 2017
BHEL,2019,2020,Conservative Reinvestors,Capital Preservers / Laggards,Shifted from Conservative Reinvestors in 2019 to Capital Preservers / Laggards in 2020
BHEL,2021,2022,Capital Preservers / Laggards,Conservative Reinvestors,Shifted from Capital Preservers / Laggards in 2021 to Conservative Reinvestors in 2022
CANBK,2015,2016,Conservative Reinvestors,Capital Preservers / Laggards,Shifted from Conservative Reinvestors in 2015 to Capital Preservers / Laggards in 2016
CANBK,2016,2017,Capital Preservers / Laggards,Conservative Reinvestors,Shifted from Capital Preservers / Laggards in 2016 to Conservative Reinvestors in 2017
CANBK,2017,2018,Conservative Reinvestors,Capital Preservers / Laggards,Shifted from Conservative Reinvestors in 2017 to Capital Preservers / Laggards in 2018
CANBK,2018,2019,Capital Preservers / Laggards,Conservative Reinvestors,Shifted from Capital Preservers / Laggards in 2018 to Conservative Reinvestors in 2019
CANBK,2019,2020,Conservative Reinvestors,Capital Preservers / Laggards,Shifted from Conservative Reinvestors in 2019 to Capital Preservers / Laggards in 2020
CANBK,2020,2021,Capital Preservers / Laggards,Conservative Reinvestors,Shifted from Capital Preservers / Laggards in 2020 to Conservative Reinvestors in 2021
DLF,2019,2020,Conservative Reinvestors,Capital Preservers / Laggards,Shifted from Conservative Reinvestors in 2019 to Capital Preservers / Laggards in 2020
DLF,2020,2021,Capital Preservers / Laggards,Conservative Reinvestors,Shifted from Capital Preservers / Laggards in 2020 to Conservative Reinvestors in 2021
GODREJCP,0,2013,Capital Preservers / Laggards,Conservative Reinvestors,Shifted from Capital Preservers / Laggards in 0 to Conservative Reinvestors in 2013
GODREJCP,2023,2024,Conservative Reinvestors,Capital Preservers / Laggards,Shifted from Conservative Reinvestors in 2023 to Capital Preservers / Laggards in 2024
HINDALCO,2015,2016,Conservative Reinvestors,Capital Preservers / Laggards,Shifted from Conservative Reinvestors in 2015 to Capital Preservers / Laggards in 2016
HINDALCO,2016,2017,Capital Preservers / Laggards,Conservative Reinvestors,Shifted from Capital Preservers / Laggards in 2016 to Conservative Reinvestors in 2017
INDIGO,2019,2020,Conservative Reinvestors,Capital Preservers / Laggards,Shifted from Conservative Reinvestors in 2019 to Capital Preservers / Laggards in 2020
INDIGO,2023,2024,Capital Preservers / Laggards,Conservative Reinvestors,Shifted from Capital Preservers / Laggards in 2023 to Conservative Reinvestors in 2024
IOC,2019,2020,Conservative Reinvestors,Capital Preservers / Laggards,Shifted from Conservative Reinvestors in 2019 to Capital Preservers / Laggards in 2020
IOC,2020,2021,Capital Preservers / Laggards,Conservative Reinvestors,Shifted from Capital Preservers / Laggards in 2020 to Conservative Reinvestors in 2021
JINDALSTEL,2014,2015,Conservative Reinvestors,Capital Preservers / Laggards,Shifted from Conservative Reinvestors in 2014 to Capital Preservers / Laggards in 2015
JINDALSTEL,2020,2021,Capital Preservers / Laggards,Conservative Reinvestors,Shifted from Capital Preservers / Laggards in 2020 to Conservative Reinvestors in 2021
JSWSTEEL,2015,2016,Conservative Reinvestors,Capital Preservers / Laggards,Shifted from Conservative Reinvestors in 2015 to Capital Preservers / Laggards in 2016
JSWSTEEL,2016,2017,Capital Preservers / Laggards,Conservative Reinvestors,Shifted from Capital Preservers / Laggards in 2016 to Conservative Reinvestors in 2017
M&M,2019,2020,Conservative Reinvestors,Capital Preservers / Laggards,Shifted from Conservative Reinvestors in 2019 to Capital Preservers / Laggards in 2020
M&M,2020,2021,Capital Preservers / Laggards,Conservative Reinvestors,Shifted from Capital Preservers / Laggards in 2020 to Conservative Reinvestors in 2021
NAUKRI,2014,2015,Conservative Reinvestors,Capital Preservers / Laggards,Shifted from Conservative Reinvestors in 2014 to Capital Preservers / Laggards in 2015
NAUKRI,2015,2016,Capital Preservers / Laggards,Conservative Reinvestors,Shifted from Capital Preservers / Laggards in 2015 to Conservative Reinvestors in 2016
NAUKRI,2016,2017,Conservative Reinvestors,Capital Preservers / Laggards,Shifted from Conservative Reinvestors in 2016 to Capital Preservers / Laggards in 2017
NAUKRI,2017,2018,Capital Preservers / Laggards,Conservative Reinvestors,Shifted from Capital Preservers / Laggards in 2017 to Conservative Reinvestors in 2018
NAUKRI,2019,2020,Conservative Reinvestors,Capital Preservers / Laggards,Shifted from Conservative Reinvestors in 2019 to Capital Preservers / Laggards in 2020
NAUKRI,2020,2021,Capital Preservers / Laggards,Conservative Reinvestors,Shifted from Capital Preservers / Laggards in 2020 to Conservative Reinvestors in 2021
NAUKRI,2022,2023,Conservative Reinvestors,Capital Preservers / Laggards,Shifted from Conservative Reinvestors in 2022 to Capital Preservers / Laggards in 2023
NAUKRI,2023,2024,Capital Preservers / Laggards,Conservative Reinvestors,Shifted from Capital Preservers / Laggards in 2023 to Conservative Reinvestors in 2024
PNB,2015,2016,Conservative Reinvestors,Capital Preservers / Laggards,Shifted from Conservative Reinvestors in 2015 to Capital Preservers / Laggards in 2016
PNB,2016,2017,Capital Preservers / Laggards,Conservative Reinvestors,Shifted from Capital Preservers / Laggards in 2016 to Conservative Reinvestors in 2017
PNB,2017,2018,Conservative Reinvestors,Capital Preservers / Laggards,Shifted from Conservative Reinvestors in 2017 to Capital Preservers / Laggards in 2018
PNB,2019,2020,Capital Preservers / Laggards,Conservative Reinvestors,Shifted from Capital Preservers / Laggards in 2019 to Conservative Reinvestors in 2020
SBIN,2016,2017,Conservative Reinvestors,Capital Preservers / Laggards,Shifted from Conservative Reinvestors in 2016 to Capital Preservers / Laggards in 2017
SBIN,2018,2019,Capital Preservers / Laggards,Conservative Reinvestors,Shifted from Capital Preservers / Laggards in 2018 to Conservative Reinvestors in 2019
TATACONSUM,2015,2016,Conservative Reinvestors,Capital Preservers / Laggards,Shifted from Conservative Reinvestors in 2015 to Capital Preservers / Laggards in 2016
TATACONSUM,2016,2017,Capital Preservers / Laggards,Conservative Reinvestors,Shifted from Capital Preservers / Laggards in 2016 to Conservative Reinvestors in 2017
TATAMOTORS,2018,2019,Conservative Reinvestors,Capital Preservers / Laggards,Shifted from Conservative Reinvestors in 2018 to Capital Preservers / Laggards in 2019
TATAMOTORS,2022,2023,Capital Preservers / Laggards,Conservative Reinvestors,Shifted from Capital Preservers / Laggards in 2022 to Conservative Reinvestors in 2023
TATAPOWER,2013,2014,Conservative Reinvestors,Restructuring Watch,Shifted from Conservative Reinvestors in 2013 to Restructuring Watch in 2014
TATAPOWER,2014,2015,Restructuring Watch,Conservative Reinvestors,Shifted from Restructuring Watch in 2014 to Conservative Reinvestors in 2015
TATASTEEL,0,2013,Conservative Reinvestors,Capital Preservers / Laggards,Shifted from Conservative Reinvestors in 0 to Capital Preservers / Laggards in 2013
TATASTEEL,2013,2014,Capital Preservers / Laggards,Conservative Reinvestors,Shifted from Capital Preservers / Laggards in 2013 to Conservative Reinvestors in 2014
TATASTEEL,2014,2015,Conservative Reinvestors,Capital Preservers / Laggards,Shifted from Conservative Reinvestors in 2014 to Capital Preservers / Laggards in 2015
TATASTEEL,2017,2018,Capital Preservers / Laggards,Conservative Reinvestors,Shifted from Capital Preservers / Laggards in 2017 to Conservative Reinvestors in 2018
TATASTEEL,2023,2024,Conservative Reinvestors,Capital Preservers / Laggards,Shifted from Conservative Reinvestors in 2023 to Capital Preservers / Laggards in 2024
TRENT,0,2013,Conservative Reinvestors,Capital Preservers / Laggards,Shifted from Conservative Reinvestors in 0 to Capital Preservers / Laggards in 2013
TRENT,2014,2015,Capital Preservers / Laggards,Conservative Reinvestors,Shifted from Capital Preservers / Laggards in 2014 to Conservative Reinvestors in 2015
TRENT,2020,2021,Conservative Reinvestors,Capital Preservers / Laggards,Shifted from Conservative Reinvestors in 2020 to Capital Preservers / Laggards in 2021
TRENT,2021,2022,Capital Preservers / Laggards,Conservative Reinvestors,Shifted from Capital Preservers / Laggards in 2021 to Conservative Reinvestors in 2022
